{
  "timestamp": "2025-12-16T21:35:25",
  "calibrator": {
    "ref_calibrator": {
      "target_position": {
        "distance": 40.0,
        "horizontal": 0.0,
        "vertical": 0.0
      },
      "eye_vectors": {
        "left_eye_vector": {
          "dx": -33.14244566954603,
          "dy": 40.533760280223085
        },
        "right_eye_vector": {
          "dx": 44.5028859389387,
          "dy": 48.93833181338078
        }
      },
      "marker_id": 1,
      "calib_stats": {
        "n_samples": 75,
        "std_left": [
          1.1186352767497878,
          1.4449355926913254
        ],
        "std_right": [
          1.9375114937348261,
          2.2723830988809586
        ]
      }
    },
    "dist_calibrators": [
      {
        "target_position": {
          "distance": 8.0,
          "horizontal": 0.0,
          "vertical": 0.0
        },
        "eye_vectors": {
          "left_eye_vector": {
            "dx": -34.98199803989012,
            "dy": 41.616447943299406
          },
          "right_eye_vector": {
            "dx": 44.41785432008388,
            "dy": 50.74113732929108
          }
        },
        "marker_id": 2,
        "calib_stats": {
          "n_samples": 78,
          "std_left": [
            0.5957458848555666,
            0.4555728734777603
          ],
          "std_right": [
            0.9516472304207462,
            0.4831580156562056
          ]
        }
      },
      {
        "target_position": {
          "distance": 4.0,
          "horizontal": 0.0,
          "vertical": 0.0
        },
        "eye_vectors": {
          "left_eye_vector": {
            "dx": -36.54170617725774,
            "dy": 37.30069167298162
          },
          "right_eye_vector": {
            "dx": 44.56001121572733,
            "dy": 43.92864286165013
          }
        },
        "marker_id": 3,
        "calib_stats": {
          "n_samples": 76,
          "std_left": [
            1.1329520416897425,
            4.21182949055823
          ],
          "std_right": [
            0.9626976239125706,
            5.590298918475581
          ]
        }
      },
      {
        "target_position": {
          "distance": 2.0,
          "horizontal": 0.0,
          "vertical": 0.0
        },
        "eye_vectors": {
          "left_eye_vector": {
            "dx": -38.607355242467925,
            "dy": 39.81865729424741
          },
          "right_eye_vector": {
            "dx": 47.99734227062697,
            "dy": 46.70685406584569
          }
        },
        "marker_id": 4,
        "calib_stats": {
          "n_samples": 78,
          "std_left": [
            0.5527381817275892,
            2.4046939143742305
          ],
          "std_right": [
            1.6962001281073438,
            0.7029739441594474
          ]
        }
      },
      {
        "target_position": {
          "distance": 1.0,
          "horizontal": 0.0,
          "vertical": 0.0
        },
        "eye_vectors": {
          "left_eye_vector": {
            "dx": -43.130033442470335,
            "dy": 38.469372732851966
          },
          "right_eye_vector": {
            "dx": 52.32616038527068,
            "dy": 48.40135037031345
          }
        },
        "marker_id": 5,
        "calib_stats": {
          "n_samples": 69,
          "std_left": [
            1.1090795894808714,
            1.6821388622717892
          ],
          "std_right": [
            3.204010409008678,
            3.465248923819674
          ]
        }
      },
      {
        "target_position": {
          "distance": 0.5,
          "horizontal": 0.0,
          "vertical": 0.0
        },
        "eye_vectors": {
          "left_eye_vector": {
            "dx": -50.91105231369183,
            "dy": 39.26408778185516
          },
          "right_eye_vector": {
            "dx": 56.67405318813096,
            "dy": 48.168632071648545
          }
        },
        "marker_id": 6,
        "calib_stats": {
          "n_samples": 76,
          "std_left": [
            4.054878528474462,
            0.7983759795498513
          ],
          "std_right": [
            2.882464540056928,
            1.6620909263869146
          ]
        }
      }
    ],
    "angle_calibrators": [
      {
        "target_position": {
          "distance": 2.0,
          "horizontal": -7.5,
          "vertical": 0.0
        },
        "eye_vectors": {
          "left_eye_vector": {
            "dx": -60.5682976704124,
            "dy": 38.65626774686184
          },
          "right_eye_vector": {
            "dx": 28.853934477942158,
            "dy": 47.06881574798331
          }
        },
        "marker_id": 7,
        "calib_stats": {
          "n_samples": 78,
          "std_left": [
            2.010495402348752,
            1.5530773319461983
          ],
          "std_right": [
            5.628259898404331,
            2.842260647725217
          ]
        }
      },
      {
        "target_position": {
          "distance": 2.0,
          "horizontal": -2.5,
          "vertical": 0.0
        },
        "eye_vectors": {
          "left_eye_vector": {
            "dx": -45.398797879677524,
            "dy": 39.434914751991876
          },
          "right_eye_vector": {
            "dx": 43.190512248153226,
            "dy": 48.2319819058191
          }
        },
        "marker_id": 8,
        "calib_stats": {
          "n_samples": 76,
          "std_left": [
            2.892289770082135,
            5.0641913344283385
          ],
          "std_right": [
            3.9963851680898594,
            6.114440666661688
          ]
        }
      },
      {
        "target_position": {
          "distance": 2.0,
          "horizontal": 2.5,
          "vertical": 0.0
        },
        "eye_vectors": {
          "left_eye_vector": {
            "dx": -32.53724926263021,
            "dy": 39.06166565887996
          },
          "right_eye_vector": {
            "dx": 57.62933789609174,
            "dy": 48.15647840591366
          }
        },
        "marker_id": 9,
        "calib_stats": {
          "n_samples": 68,
          "std_left": [
            3.617146866734546,
            3.5949594443866433
          ],
          "std_right": [
            6.304706868617499,
            7.075531186520851
          ]
        }
      },
      {
        "target_position": {
          "distance": 2.0,
          "horizontal": 7.5,
          "vertical": 0.0
        },
        "eye_vectors": {
          "left_eye_vector": {
            "dx": -19.5370079513688,
            "dy": 43.91507336409101
          },
          "right_eye_vector": {
            "dx": 73.52438674168938,
            "dy": 51.39512201139169
          }
        },
        "marker_id": 10,
        "calib_stats": {
          "n_samples": 72,
          "std_left": [
            4.657712551095818,
            7.34902129515826
          ],
          "std_right": [
            4.141365023403885,
            7.828348057305969
          ]
        }
      },
      {
        "target_position": {
          "distance": 2.0,
          "horizontal": 0.0,
          "vertical": 5.0
        },
        "eye_vectors": {
          "left_eye_vector": {
            "dx": -42.704840811423715,
            "dy": 59.089025634368035
          },
          "right_eye_vector": {
            "dx": 51.8998325816448,
            "dy": 70.03759577071018
          }
        },
        "marker_id": 11,
        "calib_stats": {
          "n_samples": 76,
          "std_left": [
            2.2407894405422404,
            8.370145444792051
          ],
          "std_right": [
            2.7434617428772388,
            10.438940372278225
          ]
        }
      },
      {
        "target_position": {
          "distance": 2.0,
          "horizontal": 0.0,
          "vertical": 1.666
        },
        "eye_vectors": {
          "left_eye_vector": {
            "dx": -38.846187186301826,
            "dy": 42.667178358555454
          },