{
  "timestamp": "2025-12-16T13:53:08",
  "calibrator": {
    "ref_calibrator": {
      "target_position": {
        "distance": 40.0,
        "horizontal": 0.0,
        "vertical": 0.0
      },
      "eye_vectors": {
        "left_eye_vector": {
          "dx": -49.88727407275666,
          "dy": 31.44084596718583
        },
        "right_eye_vector": {
          "dx": 49.33851529969016,
          "dy": 37.08349242726774
        }
      },
      "marker_id": 1,
      "calib_stats": {
        "n_samples": 66,
        "std_left": [
          2.6813413018778642,
          3.095578147382387
        ],
        "std_right": [
          2.3584835604547796,
          7.180294387959091
        ]
      }
    },
    "dist_calibrators": [
      {
        "target_position": {
          "distance": 8.0,
          "horizontal": 0.0,
          "vertical": 0.0
        },
        "eye_vectors": {
          "left_eye_vector": {
            "dx": -49.344519066391165,
            "dy": 28.96352982310351
          },
          "right_eye_vector": {
            "dx": 50.765680067601245,
            "dy": 30.966505830020658
          }
        },
        "marker_id": 2,
        "calib_stats": {
          "n_samples": 70,
          "std_left": [
            1.701372138514248,
            2.171326914625299
          ],
          "std_right": [
            1.4861825745673558,
            3.5245852747091684
          ]
        }
      },
      {
        "target_position": {
          "distance": 4.0,
          "horizontal": 0.0,
          "vertical": 0.0
        },
        "eye_vectors": {
          "left_eye_vector": {
            "dx": -52.60567172586682,
            "dy": 29.204399424028576
          },
          "right_eye_vector": {
            "dx": 54.28200902436049,
            "dy": 33.53143264231639
          }
        },
        "marker_id": 3,
        "calib_stats": {
          "n_samples": 68,
          "std_left": [
            1.2308909272340838,
            0.9453227667738117
          ],
          "std_right": [
            1.0726221887395662,
            6.793562150009715
          ]
        }
      },
      {
        "target_position": {
          "distance": 2.0,
          "horizontal": 0.0,
          "vertical": 0.0
        },
        "eye_vectors": {
          "left_eye_vector": {
            "dx": -55.362737583340646,
            "dy": 30.164234256405486
          },
          "right_eye_vector": {
            "dx": 54.70382006533672,
            "dy": 45.51270456935306
          }
        },
        "marker_id": 4,
        "calib_stats": {
          "n_samples": 69,
          "std_left": [
            0.9633422415317436,
            2.3474208418587095
          ],
          "std_right": [
            1.426415917182671,
            0.947240352427198
          ]
        }
      },
      {
        "target_position": {
          "distance": 1.0,
          "horizontal": 0.0,
          "vertical": 0.0
        },
        "eye_vectors": {
          "left_eye_vector": {
            "dx": -57.02558309596275,
            "dy": 36.95357795974885
          },
          "right_eye_vector": {
            "dx": 57.10428446704293,
            "dy": 44.45160427473975
          }
        },
        "marker_id": 5,
        "calib_stats": {
          "n_samples": 68,
          "std_left": [
            2.6974224009321697,
            7.112384973640528
          ],
          "std_right": [
            1.3027060474568624,
            0.8910528088447367
          ]
        }
      },
      {
        "target_position": {
          "distance": 0.5,
          "horizontal": 0.0,
          "vertical": 0.0
        },
        "eye_vectors": {
          "left_eye_vector": {
            "dx": -62.08469497213591,
            "dy": 36.052749437607986
          },
          "right_eye_vector": {
            "dx": 64.59030569197893,
            "dy": 44.22298014923564
          }
        },
        "marker_id": 6,
        "calib_stats": {
          "n_samples": 67,
          "std_left": [
            3.7761264471169653,
            8.750259575826604
          ],
          "std_right": [
            3.5738341427098392,
            4.044859272585932
          ]
        }
      }
    ],
    "angle_calibrators": [
      {
        "target_position": {
          "distance": 2.0,
          "horizontal": -7.5,
          "vertical": 0.0
        },
        "eye_vectors": {
          "left_eye_vector": {
            "dx": -76.4744834243413,
            "dy": 45.34876939839925
          },
          "right_eye_vector": {
            "dx": 32.10138123792729,
            "dy": 34.67547521930765
          }
        },
        "marker_id": 7,
        "calib_stats": {
          "n_samples": 63,
          "std_left": [
            6.504706832752027,
            5.630880802293258
          ],
          "std_right": [
            6.642132043537148,
            8.747428029629205
          ]
        }
      },
      {
        "target_position": {
          "distance": 2.0,
          "horizontal": -2.5,
          "vertical": 0.0
        },
        "eye_vectors": {
          "left_eye_vector": {
            "dx": -62.30211630934281,
            "dy": 43.188873511318135
          },
          "right_eye_vector": {
            "dx": 47.83444458710783,
            "dy": 44.21987932523319
          }
        },
        "marker_id": 8,
        "calib_stats": {
          "n_samples": 68,
          "std_left": [
            4.936789940467182,
            5.324776899546643
          ],
          "std_right": [
            3.892356223640915,
            4.42847523067731
          ]
        }
      },
      {
        "target_position": {
          "distance": 2.0,
          "horizontal": 2.5,
          "vertical": 0.0
        },
        "eye_vectors": {
          "left_eye_vector": {
            "dx": -44.60371190605446,
            "dy": 45.47104045084059
          },
          "right_eye_vector": {
            "dx": 66.8527405472992,
            "dy": 45.66650316908686
          }
        },
        "marker_id": 9,
        "calib_stats": {
          "n_samples": 66,
          "std_left": [
            3.7724544502786572,
            1.0427867338671455
          ],
          "std_right": [
            4.3177243488989,
            4.134259236487604
          ]
        }
      },
      {
        "target_position": {
          "distance": 2.0,
          "horizontal": 7.5,
          "vertical": 0.0
        },
        "eye_vectors": {
          "left_eye_vector": {
            "dx": -30.348752506202036,
            "dy": 37.93986593420096
          },
          "right_eye_vector": {
            "dx": 89.25972966985937,
            "dy": 32.353033024817634
          }
        },
        "marker_id": 10,
        "calib_stats": {
          "n_samples": 69,
          "std_left": [
            2.359014965303934,
            7.6175317324295975
          ],
          "std_right": [
            1.238693234725006,
            1.6626244217486315
          ]
        }
      },
      {
        "target_position": {
          "distance": 2.0,
          "horizontal": 0.0,
          "vertical": 5.0
        },
        "eye_vectors": {
          "left_eye_vector": {
            "dx": -56.515870635086976,
            "dy": 44.18367678298443
          },
          "right_eye_vector": {
            "dx": 63.981363261564454,
            "dy": 45.42101316538974
          }
        },
        "marker_id": 11,
        "calib_stats": {
          "n_samples": 68,
          "std_left": [
            6.944618806592288,
            1.7775175608543374
          ],
          "std_right": [
            5.8473397764482336,
            3.856422631694048
          ]
        }
      },
      {
        "target_position": {
          "distance": 2.0,
          "horizontal": 0.0,
          "vertical": 1.666
        },
        "eye_vectors": {
          "left_eye_vector": {
            "dx": -55.1798007106005,
            "dy": 51.8324879892011
          },