{
  "timestamp": "2025-12-16T20:20:58",
  "calibrator": {
    "ref_calibrator": {
      "target_position": {
        "distance": 40.0,
        "horizontal": 0.0,
        "vertical": 0.0
      },
      "eye_vectors": {
        "left_eye_vector": {
          "dx": -55.81598062719751,
          "dy": 67.11132489937663
        },
        "right_eye_vector": {
          "dx": 51.05430232544526,
          "dy": 75.893655693531
        }
      },
      "marker_id": 1,
      "calib_stats": {
        "n_samples": 72,
        "std_left": [
          9.20127498186067,
          2.1733278239065528
        ],
        "std_right": [
          10.38508593467839,
          2.9885606903771484
        ]
      }
    },
    "dist_calibrators": [
      {
        "target_position": {
          "distance": 8.0,
          "horizontal": 0.0,
          "vertical": 0.0
        },
        "eye_vectors": {
          "left_eye_vector": {
            "dx": -46.3686150630347,
            "dy": 55.41707702071833
          },
          "right_eye_vector": {
            "dx": 59.65136851592392,
            "dy": 62.92550919405842
          }
        },
        "marker_id": 2,
        "calib_stats": {
          "n_samples": 80,
          "std_left": [
            1.6357827328077215,
            6.678529699220221
          ],
          "std_right": [
            1.3621268800198907,
            6.5434123971299485
          ]
        }
      },
      {
        "target_position": {
          "distance": 4.0,
          "horizontal": 0.0,
          "vertical": 0.0
        },
        "eye_vectors": {
          "left_eye_vector": {
            "dx": -45.43034110529785,
            "dy": 58.11199209369483
          },
          "right_eye_vector": {
            "dx": 60.77373922234012,
            "dy": 62.68944235893135
          }
        },
        "marker_id": 3,
        "calib_stats": {
          "n_samples": 68,
          "std_left": [
            2.7654540821973193,
            8.871929027612769
          ],
          "std_right": [
            2.9037625748959854,
            4.577805619117051
          ]
        }
      },
      {
        "target_position": {
          "distance": 2.0,
          "horizontal": 0.0,
          "vertical": 0.0
        },
        "eye_vectors": {
          "left_eye_vector": {
            "dx": -51.14167090168037,
            "dy": 61.94056194953724
          },
          "right_eye_vector": {
            "dx": 62.559079219150455,
            "dy": 70.28862357709701
          }
        },
        "marker_id": 4,
        "calib_stats": {
          "n_samples": 79,
          "std_left": [
            3.1829891481218957,
            10.967429283571652
          ],
          "std_right": [
            3.2582613093029384,
            11.610336340731822
          ]
        }
      },
      {
        "target_position": {
          "distance": 1.0,
          "horizontal": 0.0,
          "vertical": 0.0
        },
        "eye_vectors": {
          "left_eye_vector": {
            "dx": -47.687951466778124,
            "dy": 65.7197749856754
          },
          "right_eye_vector": {
            "dx": 63.19829696921279,
            "dy": 69.27185570405206
          }
        },
        "marker_id": 5,
        "calib_stats": {
          "n_samples": 64,
          "std_left": [
            4.016713899800827,
            12.058309709909112
          ],
          "std_right": [
            3.8816100102779743,
            6.498221240572554
          ]
        }
      },
      {
        "target_position": {
          "distance": 0.5,
          "horizontal": 0.0,
          "vertical": 0.0
        },
        "eye_vectors": {
          "left_eye_vector": {
            "dx": -55.82207439764647,
            "dy": 61.10110320771322
          },
          "right_eye_vector": {
            "dx": 66.77737280733488,
            "dy": 71.65089332663423
          }
        },
        "marker_id": 6,
        "calib_stats": {
          "n_samples": 73,
          "std_left": [
            3.5403329331185933,
            8.912923950049903
          ],
          "std_right": [
            5.405898018652346,
            7.6195030926207
          ]
        }
      }
    ],
    "angle_calibrators": [
      {
        "target_position": {
          "distance": 2.0,
          "horizontal": -7.5,
          "vertical": 0.0
        },
        "eye_vectors": {
          "left_eye_vector": {
            "dx": -67.60528631996233,
            "dy": 55.495040553894796
          },
          "right_eye_vector": {
            "dx": 36.18740120132509,
            "dy": 77.69139699201425
          }
        },
        "marker_id": 7,
        "calib_stats": {
          "n_samples": 78,
          "std_left": [
            6.709647801806291,
            1.7461549770944726
          ],
          "std_right": [
            11.53841532897365,
            11.45170167165541
          ]
        }
      },
      {
        "target_position": {
          "distance": 2.0,
          "horizontal": -2.5,
          "vertical": 0.0
        },
        "eye_vectors": {
          "left_eye_vector": {
            "dx": -58.4025137363229,
            "dy": 60.95240959050495
          },
          "right_eye_vector": {
            "dx": 52.19884314627527,
            "dy": 83.61781758311709
          }
        },
        "marker_id": 8,
        "calib_stats": {
          "n_samples": 79,
          "std_left": [
            3.544322830181212,
            9.744973729132056
          ],
          "std_right": [
            11.032772335635766,
            14.39069280300539
          ]
        }
      },
      {
        "target_position": {
          "distance": 2.0,
          "horizontal": 2.5,
          "vertical": 0.0
        },
        "eye_vectors": {
          "left_eye_vector": {
            "dx": -40.247148731852754,
            "dy": 63.46751085704815
          },
          "right_eye_vector": {
            "dx": 70.49587467340574,
            "dy": 70.45192700133771
          }
        },
        "marker_id": 9,
        "calib_stats": {
          "n_samples": 73,
          "std_left": [
            4.875574750217942,
            9.899111963628878
          ],
          "std_right": [
            8.20321755936911,
            6.756832551612551
          ]
        }
      },
      {
        "target_position": {
          "distance": 2.0,
          "horizontal": 7.5,
          "vertical": 0.0
        },
        "eye_vectors": {
          "left_eye_vector": {
            "dx": -29.14149314328624,
            "dy": 49.48421695844109
          },
          "right_eye_vector": {
            "dx": 82.28544580013748,
            "dy": 57.4514689024904
          }
        },
        "marker_id": 10,
        "calib_stats": {
          "n_samples": 74,
          "std_left": [
            10.619105432292676,
            11.962401868553872
          ],
          "std_right": [
            11.10208845071292,
            18.643426880657106
          ]
        }
      },
      {
        "target_position": {
          "distance": 2.0,
          "horizontal": 0.0,
          "vertical": 5.0
        },
        "eye_vectors": {
          "left_eye_vector": {
            "dx": -46.303507172968615,
            "dy": 69.25253917250227
          },
          "right_eye_vector": {
            "dx": 77.84102472870512,
            "dy": 67.82296038394179
          }
        },
        "marker_id": 11,
        "calib_stats": {
          "n_samples": 67,
          "std_left": [
            9.790801083169848,
            9.19139156989645
          ],
          "std_right": [
            12.550432799666144,
            7.156889731668979
          ]
        }
      },
      {
        "target_position": {
          "distance": 2.0,
          "horizontal": 0.0,
          "vertical": 1.666
        },
        "eye_vectors": {
          "left_eye_vector": {
            "dx": -46.41394541265732,
            "dy": 73.75340355835978
          },