{
  "timestamp": "2025-12-16T20:02:32",
  "calibrator": {
    "ref_calibrator": {
      "target_position": {
        "distance": 40.0,
        "horizontal": 0.0,
        "vertical": 0.0
      },
      "eye_vectors": {
        "left_eye_vector": {
          "dx": -33.79760530798583,
          "dy": 64.4020481126091
        },
        "right_eye_vector": {
          "dx": 60.33319419358179,
          "dy": 79.82055282356114
        }
      },
      "marker_id": 1,
      "calib_stats": {
        "n_samples": 72,
        "std_left": [
          3.556897075891311,
          5.593495022218207
        ],
        "std_right": [
          2.8616512571493917,
          0.807588357644165
        ]
      }
    },
    "dist_calibrators": [
      {
        "target_position": {
          "distance": 8.0,
          "horizontal": 0.0,
          "vertical": 0.0
        },
        "eye_vectors": {
          "left_eye_vector": {
            "dx": -34.33885475720544,
            "dy": 63.28126611185232
          },
          "right_eye_vector": {
            "dx": 63.51802533743726,
            "dy": 79.56326650288656
          }
        },
        "marker_id": 2,
        "calib_stats": {
          "n_samples": 73,
          "std_left": [
            1.49610906501511,
            2.3663498491251023
          ],
          "std_right": [
            0.4700505810487635,
            0.7696640193002925
          ]
        }
      },
      {
        "target_position": {
          "distance": 4.0,
          "horizontal": 0.0,
          "vertical": 0.0
        },
        "eye_vectors": {
          "left_eye_vector": {
            "dx": -34.99771973673116,
            "dy": 65.34505932843862
          },
          "right_eye_vector": {
            "dx": 65.08589774248384,
            "dy": 80.28918175342218
          }
        },
        "marker_id": 3,
        "calib_stats": {
          "n_samples": 72,
          "std_left": [
            1.8282438808524157,
            4.572614566797133
          ],
          "std_right": [
            0.7908907546622119,
            0.6705032356237549
          ]
        }
      },
      {
        "target_position": {
          "distance": 2.0,
          "horizontal": 0.0,
          "vertical": 0.0
        },
        "eye_vectors": {
          "left_eye_vector": {
            "dx": -36.680664070945305,
            "dy": 66.86748545493305
          },
          "right_eye_vector": {
            "dx": 67.42290475888974,
            "dy": 79.89355440307675
          }
        },
        "marker_id": 4,
        "calib_stats": {
          "n_samples": 71,
          "std_left": [
            3.333395440509267,
            5.729096931288864
          ],
          "std_right": [
            1.6044604082286609,
            2.8372391802374706
          ]
        }
      },
      {
        "target_position": {
          "distance": 1.0,
          "horizontal": 0.0,
          "vertical": 0.0
        },
        "eye_vectors": {
          "left_eye_vector": {
            "dx": -39.42048597716099,
            "dy": 66.27883664110571
          },
          "right_eye_vector": {
            "dx": 70.27431645386376,
            "dy": 79.36491901245473
          }
        },
        "marker_id": 5,
        "calib_stats": {
          "n_samples": 73,
          "std_left": [
            3.7148451966776874,
            6.043169369345311
          ],
          "std_right": [
            1.0408087298690882,
            1.2483363953696702
          ]
        }
      },
      {
        "target_position": {
          "distance": 0.5,
          "horizontal": 0.0,
          "vertical": 0.0
        },
        "eye_vectors": {
          "left_eye_vector": {
            "dx": -49.14616150240083,
            "dy": 66.87869256548834
          },
          "right_eye_vector": {
            "dx": 74.56924342604813,
            "dy": 81.07030775131724
          }
        },
        "marker_id": 6,
        "calib_stats": {
          "n_samples": 72,
          "std_left": [
            3.123634630648123,
            3.1553073500093047
          ],
          "std_right": [
            1.14672995022482,
            0.7967264249216316
          ]
        }
      }
    ],
    "angle_calibrators": [
      {
        "target_position": {
          "distance": 2.0,
          "horizontal": -7.5,
          "vertical": 0.0
        },
        "eye_vectors": {
          "left_eye_vector": {
            "dx": -61.29799323158895,
            "dy": 64.42241568543392
          },
          "right_eye_vector": {
            "dx": 40.6778233390189,
            "dy": 77.90557713356267
          }
        },
        "marker_id": 7,
        "calib_stats": {
          "n_samples": 72,
          "std_left": [
            3.033478879798398,
            1.0155114561975012
          ],
          "std_right": [
            9.138347377498928,
            0.9350317646812121
          ]
        }
      },
      {
        "target_position": {
          "distance": 2.0,
          "horizontal": -2.5,
          "vertical": 0.0
        },
        "eye_vectors": {
          "left_eye_vector": {
            "dx": -44.57755381896811,
            "dy": 64.82402024645246
          },
          "right_eye_vector": {
            "dx": 56.747520708937174,
            "dy": 79.72764342425232
          }
        },
        "marker_id": 8,
        "calib_stats": {
          "n_samples": 73,
          "std_left": [
            2.4353005128099348,
            4.4070708900845
          ],
          "std_right": [
            2.0221488529369585,
            0.9159521282801832
          ]
        }
      },
      {
        "target_position": {
          "distance": 2.0,
          "horizontal": 2.5,
          "vertical": 0.0
        },
        "eye_vectors": {
          "left_eye_vector": {
            "dx": -26.631691156411772,
            "dy": 66.16563641038034
          },
          "right_eye_vector": {
            "dx": 78.88612896044533,
            "dy": 80.65162436606559
          }
        },
        "marker_id": 9,
        "calib_stats": {
          "n_samples": 74,
          "std_left": [
            3.092354176214768,
            0.8362892861537843
          ],
          "std_right": [
            3.6635175476245716,
            0.7440194681839162
          ]
        }
      },
      {
        "target_position": {
          "distance": 2.0,
          "horizontal": 7.5,
          "vertical": 0.0
        },
        "eye_vectors": {
          "left_eye_vector": {
            "dx": -9.750201150715364,
            "dy": 68.62488551801324
          },
          "right_eye_vector": {
            "dx": 97.13005859299489,
            "dy": 80.5039169532831
          }
        },
        "marker_id": 10,
        "calib_stats": {
          "n_samples": 73,
          "std_left": [
            4.0158631296025105,
            1.4277790086575113
          ],
          "std_right": [
            4.665661312662839,
            0.6845979416809136
          ]
        }
      },
      {
        "target_position": {
          "distance": 2.0,
          "horizontal": 0.0,
          "vertical": 5.0
        },
        "eye_vectors": {
          "left_eye_vector": {
            "dx": -39.51305847912138,
            "dy": 82.78274632024359
          },
          "right_eye_vector": {
            "dx": 66.41539416453907,
            "dy": 98.25325507479731
          }
        },
        "marker_id": 11,
        "calib_stats": {
          "n_samples": 72,
          "std_left": [
            1.4606945181275495,
            1.5998987259857882
          ],
          "std_right": [
            1.5346353675351996,
            2.8760829128426875
          ]
        }
      },
      {
        "target_position": {
          "distance": 2.0,
          "horizontal": 0.0,
          "vertical": 1.666
        },
        "eye_vectors": {
          "left_eye_vector": {
            "dx": -37.607699123351686,
            "dy": 71.92360909140984
          },